total_trips,avg_distance_miles,avg_fare,avg_duration_sec
4038773,4.984058928292259,21.55708126453922,1141.0752191321474
